{"cameraMode":{"drawMode":0,"name":"Shaded","section":"Shading Mode"},"sceneLighting":false,"audioPlay":false,"sceneViewState":{"m_AlwaysRefresh":false,"showFog":true,"showSkybox":false,"showFlares":true,"showImageEffects":true,"showParticleSystems":true,"showVisualEffectGraphs":true,"m_FxEnabled":true},"in2DMode":false,"pivot":{"x":-7.769998550415039,"y":1.7466371059417725,"z":-16.079999923706056},"rotation":{"x":0.07401006668806076,"y":-0.36149829626083376,"z":0.02880079112946987,"w":0.9289884567260742},"size":2.096445322036743,"orthographic":false}