{"cameraMode":{"drawMode":0,"name":"Shaded","section":"Shading Mode"},"sceneLighting":true,"audioPlay":false,"sceneViewState":{"m_AlwaysRefresh":false,"showFog":true,"showSkybox":true,"showFlares":true,"showImageEffects":true,"showParticleSystems":true,"showVisualEffectGraphs":true,"m_FxEnabled":true},"in2DMode":false,"pivot":{"x":388.4200134277344,"y":144.0699462890625,"z":22.740917205810548},"rotation":{"x":-0.15270796418190003,"y":-0.008309167809784413,"z":0.0012557469308376313,"w":-0.9882557392120361},"size":301.94512939453127,"orthographic":true}